,user_id,items
0,21006,Aeropress - Manual Brew
1,21006,Iced Americano - Cold Coffee
2,21006,Add On Syrup - Extra Toppings
3,21006,Baked Vada Pav - Food Menu
4,21005,South Indian Filter Kaapi - Hot Coffee
5,21005,Origanal South Indian Frappe - Cold Coffee
6,21005,Origanal South Indian Frappe - Cold Coffee
7,21005,Origanal South Indian Frappe - Cold Coffee
8,21004,Spicy Banana Chips - Food Menu
9,21003,Classic Frappe - Cold Coffee
10,21003,Cold Brew - Manual Brew
11,21003,Berliners - Food Menu
12,21002,Iced Americano - Cold Coffee
13,21002,Cafe Latte - Hot Coffee
14,21001,Cappucino - Hot Coffee
15,21001,Almond Frappe - Cold Coffee
16,21001,Madagascar Hot Chocolate - Hot Chocolate
17,21001,Berliners - Food Menu
18,21000,Cafe Latte - Hot Coffee
19,21000,Sea Salt Dark Mocha - Hot Coffee
20,21000,ALMOND MILK - Milk
21,20999,Whole Wheat Ladi Pav - Savouries
22,20998,Origanal South Indian Frappe - Cold Coffee
23,20998,South Indian Filter Kaapi - Hot Coffee
24,20997,Madagascar Chocochip Frappe - Cold Coffee
25,20996,Madagascar Chocochip Frappe - Cold Coffee
26,20996,Caramel Frappe - Cold Coffee
27,20995,Chicken Calzone - Food Menu
28,20995,Mix Tartlet - Food Menu
29,20995,Mix Tartlet - Food Menu
30,20995,Cold Brew - Manual Brew
31,20995,Sea Salt Dark Mocha - Hot Coffee
32,20995,Bon Bon - Cold Coffee
33,20995,Almond Honey Latte - Hot Coffee
34,20995,Hazelnut Frappe - Cold Coffee
35,20995,Mix Tartlet - Food Menu
36,20995,Mix Tartlet - Food Menu
37,20994,Papparoti - Sweet
38,20994,Nariyal Irish Cream Frappe - Cold Coffee
39,20993,Iced Americano - Cold Coffee
40,20993,Add On Syrup - Extra Toppings
41,20993,Kaapicino - Hot Coffee
42,20992,Madagascar Hot Chocolate - Hot Chocolate
43,20992,Hazelnut Frappe - Cold Coffee
44,20991,Cappucino - Hot Coffee
45,20991,Choco-crinkle-cookies - Sweet
46,C2315,Rosella Jam - SEASONAL MENU
47,20990,South Indian Filter Kaapi - Hot Coffee
48,20990,Hyderabadi Soya Keema Pav - Food Menu
49,20990,Yellow Banana Chips - Food Menu
50,20989,Hazelnut Frappe - Cold Coffee
51,20989,Iced Americano - Cold Coffee
52,20988,Bon Bon - Cold Coffee
53,20988,Vietnamese - Cold Coffee
54,20987,Iced Latte - Cold Coffee
55,20987,Origanal South Indian Frappe - Cold Coffee
56,20986,Espresso Tonic - Coffee Coolers
57,20985,South Indian Filter Kaapi - Hot Coffee
58,20985,Cafe Latte - Hot Coffee
59,20984,South Indian Filter Kaapi - Hot Coffee
60,20983,Classic Frappe - Cold Coffee
61,20982,Almond Honey Latte - Hot Coffee
62,20982,Berliners - Food Menu
63,20981,Origanal South Indian Frappe - Cold Coffee
64,20981,OAT MILK - Milk
65,C2314,Baked Pav Bhaji - Food Menu
66,C2314,Hyderabadi Chicken Keema Pav - Food Menu
67,C2314,South Indian Filter Kaapi - Hot Coffee
68,C2314,Americano - Hot Coffee
69,20980,South Indian Filter Kaapi - Hot Coffee
70,20979,Espresso Tonic - Coffee Coolers
71,20978,Spicy Banana Chips - Food Menu
72,20978,Madagascar Chocochip Frappe - Cold Coffee
73,20977,Iced Americano - Cold Coffee
74,20977,Vietnamese - Cold Coffee
75,20977,Baked Pav Bhaji - Food Menu
76,20976,Baked Vada Pav - Food Menu
77,20975,South Indian Filter Kaapi - Hot Coffee
78,C2313,Rosella Jam - SEASONAL MENU
79,C2313,Rosella Jam - SEASONAL MENU
80,20974,Calzones Veg - Food Menu
81,20974,Baked Pav Bhaji - Food Menu
82,20974,Hyderabadi Chicken Keema Pav - Food Menu
83,20973,Whole Wheat Ladi Pav - Savouries
84,20972,Almond Frappe - Cold Coffee
85,20971,Nariyal Irish Cream Frappe - Cold Coffee
86,20971,Baked Pav Bhaji - Food Menu
87,20971,Americano - Hot Coffee
88,20970,Iced Americano - Cold Coffee
89,C2312,Origanal South Indian Frappe - Cold Coffee
90,20969,Baked Vada Pav - Food Menu
91,20968,Origanal South Indian Frappe - Cold Coffee
92,C2311,Baked Pav Bhaji - Food Menu
93,C2311,Baked Vada Pav - Food Menu
94,C2310,South Indian Filter Kaapi - Hot Coffee
95,C2309,Mix Berliner - Food Menu
96,C2309,Mix Berliner - Food Menu
97,20967,Hot Chocolate - Hot Chocolate
98,20966,Kaapicino - Hot Coffee
99,20966,South Indian Filter Kaapi - Hot Coffee
100,20965,Cappucino - Hot Coffee
101,20965,Americano - Hot Coffee
102,20964,Iced Americano - Cold Coffee
103,20963,South Indian Filter Kaapi - Hot Coffee
104,20963,South Indian Filter Kaapi - Hot Coffee
105,20962,Iced Americano - Cold Coffee
106,20961,Kaapicino - Hot Coffee
107,20960,Rosella Jam - SEASONAL MENU
108,20960,Strawberry White Chocolate Ganache - SEASONAL MENU
109,20960,White Loaf Bread - Savouries
110,20960,Choco-crinkle-cookies - Sweet
111,20959,Iced Americano - Cold Coffee
112,20958,Almond Honey Latte - Hot Coffee
113,20958,Flat White 250 Ml - Hot Coffee
114,20958,Papparoti - Sweet
115,20958,Hyderabadi Chicken Keema Pav - Food Menu
116,20957,Americano - Hot Coffee
117,20956,South Indian Filter Kaapi - Hot Coffee
118,20956,Cafe Mocha - Hot Coffee
119,20956,Papparoti - Sweet
120,20955,Cappucino - Hot Coffee
121,20954,Cappucino - Hot Coffee
122,20953,Vietnamese - Cold Coffee
123,20952,Choco-crinkle-cookies - Sweet
124,20951,Cafe Latte - Hot Coffee
125,20951,Add On Syrup - Extra Toppings
126,20950,Vietnamese - Cold Coffee
127,20950,Tartlets - Food Menu
128,20949,Spicy Banana Chips - Food Menu
129,20948,Origanal South Indian Frappe - Cold Coffee
130,20948,ALMOND MILK - Milk
131,20947,South Indian Filter Kaapi - Hot Coffee
132,20946,Papparoti - Sweet
133,20946,Baked Vada Pav - Food Menu
134,20946,Hyderabadi Soya Keema Pav - Food Menu
135,20946,Berliner Mix - Food Menu
136,20946,Rosella Cheesecake Berliner - SEASONAL MENU
137,20946,Tartlets - Food Menu
138,20946,Cappucino - Hot Coffee
139,20945,Madagascar Chocochip Frappe - Cold Coffee
140,20945,Iced Americano - Cold Coffee
141,20944,Cappucino - Hot Coffee
142,20944,Hot Chocolate - Hot Chocolate
143,20944,Madagascar Chocochip Frappe - Cold Coffee
144,20943,Hot Chocolate - Hot Chocolate
145,20942,Iced Latte - Cold Coffee
146,20941,Hazelnut Frappe - Cold Coffee
147,20941,Vietnamese - Cold Coffee
148,20940,Berliners - Food Menu
149,20940,Hot Chocolate - Hot Chocolate
150,20940,Vietnamese - Cold Coffee
151,20939,Malnad Tonic - Coffee Coolers
152,20938,South Indian Filter Kaapi - Hot Coffee
153,20938,Hot Chocolate - Hot Chocolate
154,20938,Baked Vada Pav - Food Menu
155,20937,Madagascar Chocochip Frappe - Cold Coffee
156,20937,ALMOND MILK - Milk
157,20936,Sea Salt Dark Mocha Frappe - Cold Coffee
158,20936,Origanal South Indian Frappe - Cold Coffee
159,20936,Madagascar Hot Chocolate - Hot Chocolate
160,20936,Hyderabadi Chicken Keema Pav - Food Menu
161,20936,Rosella Jam - SEASONAL MENU
162,20936,Strawberry White Chocolate Ganache - SEASONAL MENU
163,20935,Hazelnut Frappe - Cold Coffee
164,20935,South Indian Filter Kaapi - Hot Coffee
165,20934,Hot Chocolate - Hot Chocolate
166,20933,Papparoti - Sweet
167,20933,Hot Chocolate - Hot Chocolate
168,20933,Mix Berliner - Food Menu
169,20933,Mix Berliner - Food Menu
170,20933,Mix Berliner - Food Menu
171,20933,Rosella Cheesecake Berliner - SEASONAL MENU
172,20932,Origanal South Indian Frappe - Cold Coffee
173,20932,Sea Salt Dark Mocha Frappe - Cold Coffee
174,20932,Sea Salt Dark Mocha Frappe - Cold Coffee
175,20932,Hyderabadi Soya Keema Pav - Food Menu
176,20932,Madagascar Hot Chocolate - Hot Chocolate
177,20932,Madagascar Chocochip Frappe - Cold Coffee
178,20931,Madagascar Chocochip Frappe - Cold Coffee
179,20931,Cappucino - Hot Coffee
180,20931,Cafe Mocha - Hot Coffee
181,20931,Iced Americano - Cold Coffee
182,20930,Classic Frappe - Cold Coffee
183,20930,OAT MILK - Milk
184,20930,Berliners - Food Menu
185,20930,Strawberry White Chocolate Ganache - SEASONAL MENU
186,20929,Cafe Latte - Hot Coffee
187,20929,Almond Honey Latte - Hot Coffee
188,20929,Add On Syrup - Extra Toppings
189,20929,Madagascar Chocochip Frappe - Cold Coffee
190,20929,ALMOND MILK - Milk
191,20929,Hazelnut Frappe - Cold Coffee
192,20928,Cafe Latte - Hot Coffee
193,20928,Madagascar Hot Chocolate - Hot Chocolate
194,20928,Baked Vada Pav - Food Menu
195,20927,Kaapicino - Hot Coffee
196,20927,Origanal South Indian Frappe - Cold Coffee
197,C2308,Madagascar Hot Chocolate - Hot Chocolate
198,20926,Cappucino - Hot Coffee
199,20925,Hot Chocolate - Hot Chocolate
200,20924,Classic Frappe - Cold Coffee
201,20924,South Indian Filter Kaapi - Hot Coffee
202,20923,Origanal South Indian Frappe - Cold Coffee
203,20922,Yellow Banana Chips - Food Menu
204,20922,Tartlets - Food Menu
205,20922,Hot Chocolate - Hot Chocolate
206,20921,South Indian Filter Kaapi - Hot Coffee
207,C2307,Papparoti - Sweet
208,20920,South Indian Filter Kaapi - Hot Coffee
209,20919,Nariyal Irish Cream Frappe - Cold Coffee
210,20919,Sea Salt Dark Mocha - Hot Coffee
211,20919,Mix Berliner - Food Menu
212,20919,Mix Berliner - Food Menu
213,20919,Papparoti - Sweet
214,20919,South Indian Filter Kaapi - Hot Coffee
215,20918,Hot Chocolate - Hot Chocolate
216,20917,Madagascar Hot Chocolate - Hot Chocolate
217,20916,Classic Frappe - Cold Coffee
218,20915,Spicy Banana Chips - Food Menu
219,20914,Origanal South Indian Frappe - Cold Coffee
220,20914,Baked Vada Pav - Food Menu
221,C2306,Iced Americano - Cold Coffee
222,C2306,Baked Pav Bhaji - Food Menu
223,20913,Nariyal Irish Cream Frappe - Cold Coffee
224,C2305,South Indian Filter Kaapi - Hot Coffee
225,C2305,Baked Pav Bhaji - Food Menu
226,C2304,Vietnamese - Cold Coffee
227,C2303,South Indian Filter Kaapi - Hot Coffee
228,C2303,Baked Pav Bhaji - Food Menu
229,20912,Kaapicino - Hot Coffee
230,20912,Almond Honey Latte - Hot Coffee
231,20912,Origanal South Indian Frappe - Cold Coffee
232,20912,Papparoti - Sweet
233,20911,Baked Vada Pav - Food Menu
234,20911,Origanal South Indian Frappe - Cold Coffee
235,C2302,Papparoti - Sweet
236,C2301,Berliners - Food Menu
237,20910,Spicy Banana Chips - Food Menu
238,C2300,Kaapicino - Hot Coffee
239,C2300,Strawberry White Chocolate Ganache - SEASONAL MENU
240,C2300,Rosella Jam - SEASONAL MENU
241,C2299,Origanal South Indian Frappe - Cold Coffee
242,C2299,Iced Americano - Cold Coffee
243,C2299,Add On Syrup - Extra Toppings
244,C2298,Spicy Banana Chips - Food Menu
245,C2298,Yellow Banana Chips - Food Menu
246,C2298,Plain Nankhatai Veg - Sweet
247,C2298,Choco-crinkle-cookies - Sweet
248,20909,Origanal South Indian Frappe - Cold Coffee
249,20909,Baked Vada Pav - Food Menu
250,20908,Americano - Hot Coffee
251,20907,Malnad Tonic - Coffee Coolers
252,20906,Vanilla Praline - Cold Coffee
253,20906,Cappucino - Hot Coffee
254,20906,OAT MILK - Milk
255,20905,Americano - Hot Coffee
256,20904,Hazelnut Frappe - Cold Coffee
257,20904,Madagascar Chocochip Frappe - Cold Coffee
258,20903,South Indian Filter Kaapi - Hot Coffee
259,20902,Berliners - Food Menu
260,20901,Iced Mocha - Cold Coffee
261,20900,Vietnamese - Cold Coffee
262,20900,Vanilla Praline - Cold Coffee
263,20899,Sea Salt Dark Mocha Frappe - Cold Coffee
264,20899,Nariyal Irish Cream Frappe - Cold Coffee
265,20899,Papparoti - Sweet
266,20899,Strawberry White Chocolate Ganache - SEASONAL MENU
267,20899,Cafe Latte - Hot Coffee
268,20898,Cappucino - Hot Coffee
269,20898,Iced Latte - Cold Coffee
270,20897,ESPRESSO - Hot Coffee
271,20897,South Indian Filter Kaapi - Hot Coffee
272,20897,Baked Pav Bhaji - Food Menu
273,20897,Baked Pav Bhaji - Food Menu
274,20896,South Indian Filter Kaapi - Hot Coffee
275,20896,Choco-crinkle-cookies - Sweet
276,20896,Cafe Latte - Hot Coffee
277,20895,Almond Frappe - Cold Coffee
278,20894,Berliners - Food Menu
279,20894,Berliners - Food Menu
280,20893,Iced Americano - Cold Coffee
281,20893,Iced Mocha - Cold Coffee
282,20893,Berliners - Food Menu
283,20892,Cold Brew - Manual Brew
284,20891,Iced Latte - Cold Coffee
285,20891,Vietnamese - Cold Coffee
286,20891,Choco-crinkle-cookies - Sweet
287,C2297,Rosella Cheesecake Berliner - SEASONAL MENU
288,C2297,Calzones Veg - Food Menu
289,20890,Choco-crinkle-cookies - Sweet
290,20889,Irish Americano - Hot Coffee
291,20889,Classic Frappe - Cold Coffee
292,20888,Mix Tartlet - Food Menu
293,20888,Mix Tartlet - Food Menu
294,20888,Mix Tartlet - Food Menu
295,20888,Gluten Free Hazelnut Brownie - Sweet
296,20887,Baked Vada Pav - Food Menu
297,20886,Nariyal Irish Cream Frappe - Cold Coffee
298,20886,Vietnamese - Cold Coffee
299,20886,Hyderabadi Soya Keema Pav - Food Menu
300,20885,Almond Frappe - Cold Coffee
301,20885,Hazelnut Frappe - Cold Coffee
302,20885,Origanal South Indian Frappe - Cold Coffee
303,20885,Strawberry White Chocolate Ganache - SEASONAL MENU
304,20885,Berliners - Food Menu
305,20885,Choco-crinkle-cookies - Sweet
306,20884,Iced Americano - Cold Coffee
307,20884,Caramel Frappe - Cold Coffee
308,20883,Rosella Jam - SEASONAL MENU
309,20883,Hazelnut Frappe - Cold Coffee
310,20882,Flat White 250 Ml - Hot Coffee
311,20881,South Indian Filter Kaapi - Hot Coffee
312,20880,Cappucino - Hot Coffee
313,20880,Almond Honey Latte - Hot Coffee
314,20880,Chicken Calzone - Food Menu
315,20880,Choco-crinkle-cookies - Sweet
316,20880,Rosella Jam - SEASONAL MENU
317,20879,Cappucino - Hot Coffee
318,20879,Baked Vada Pav - Food Menu
319,20879,Hyderabadi Chicken Keema Pav - Food Menu
320,20879,South Indian Filter Kaapi - Hot Coffee
321,20879,Calzones Veg - Food Menu
322,20879,Spicy Banana Chips - Food Menu
323,C2296,Strawberry White Chocolate Ganache - SEASONAL MENU
324,20878,Classic Frappe - Cold Coffee
325,20878,Yellow Banana Chips - Food Menu
326,20878,Mix Berliner - Food Menu
327,20878,Mix Berliner - Food Menu
328,20877,Vietnamese - Cold Coffee
329,20876,Tartlets - Food Menu
330,20876,Mix Berliner - Food Menu
331,20876,Mix Berliner - Food Menu
332,20876,Baked Vada Pav - Food Menu
333,20876,Rosella Jam - SEASONAL MENU
334,20875,Vietnamese - Cold Coffee
335,20874,Spicy Banana Chips - Food Menu
336,20873,Papparoti - Sweet
337,20873,Rosella Cheesecake Berliner - SEASONAL MENU
338,20873,Baked Vada Pav - Food Menu
339,20873,Cafe Mocha - Hot Coffee
340,20873,Vietnamese - Cold Coffee
341,20873,Calzones Veg - Food Menu
342,20873,Calzones Veg - Food Menu
343,20872,Tartlets - Food Menu
344,20872,Tartlets - Food Menu
345,20872,Tartlets - Food Menu
346,20872,Origanal South Indian Frappe - Cold Coffee
347,20872,Hot Chocolate - Hot Chocolate
348,20872,South Indian Filter Kaapi - Hot Coffee
349,20872,Papparoti - Sweet
350,20872,Origanal South Indian Frappe - Cold Coffee
351,20871,Vanilla Praline - Cold Coffee
352,20871,Calzones Veg - Food Menu
353,20871,Calzones Veg - Food Menu
354,20870,Hyderabadi Chicken Keema Pav - Food Menu
355,20870,Iced Americano - Cold Coffee
356,20870,Origanal South Indian Frappe - Cold Coffee
357,C2295,South Indian Filter Kaapi - Hot Coffee
358,20869,Origanal South Indian Frappe - Cold Coffee
359,20869,Spicy Banana Chips - Food Menu
360,20868,Almond Frappe - Cold Coffee
361,20868,Cappucino - Hot Coffee
362,20867,Berliners - Food Menu
363,20867,Hyderabadi Chicken Keema Pav - Food Menu
364,20867,Calzones Veg - Food Menu
365,20866,Sea Salt Dark Mocha Frappe - Cold Coffee
366,20866,Malnad Tonic - Coffee Coolers
367,C2294,Baked Pav Bhaji - Food Menu
368,C2294,Baked Vada Pav - Food Menu
369,20865,Americano - Hot Coffee
370,20864,ESPRESSO - Hot Coffee
371,20864,Origanal South Indian Frappe - Cold Coffee
372,20863,ESPRESSO - Hot Coffee
373,20863,Americano - Hot Coffee
374,20862,Pour Over - Manual Brew
375,20861,Bon Bon - Cold Coffee
376,20860,Cappucino - Hot Coffee
377,20859,Iced Americano - Cold Coffee
378,C2293,Papparoti - Sweet
379,20858,Baked Vada Pav - Food Menu
380,20858,Chicken Calzone - Food Menu
381,20858,Tartlets - Food Menu
382,20857,Madagascar Chocochip Frappe - Cold Coffee
383,20857,Caramel Frappe - Cold Coffee
384,20857,Origanal South Indian Frappe - Cold Coffee
385,20856,Hot Chocolate - Hot Chocolate
386,20855,Baked Pav Bhaji - Food Menu
387,20855,Calzones Veg - Food Menu
388,20854,Origanal South Indian Frappe - Cold Coffee
389,20853,Iced Latte - Cold Coffee
390,20853,Add On Syrup - Extra Toppings
391,20853,Cappucino - Hot Coffee
392,20853,Baked Vada Pav - Food Menu
393,20852,Baked Vada Pav - Food Menu
394,20852,Sea Salt Dark Mocha Frappe - Cold Coffee
395,20851,Hyderabadi Chicken Keema Pav - Food Menu
396,20850,Kaapicino - Hot Coffee
397,20849,Berliners - Food Menu
398,20848,Cafe Mocha - Hot Coffee
399,20847,Cafe Mocha - Hot Coffee
400,20847,Yellow Banana Chips - Food Menu
401,20847,Spicy Banana Chips - Food Menu
402,20846,Origanal South Indian Frappe - Cold Coffee
403,20846,Tartlets - Food Menu
404,20845,Hazelnut Frappe - Cold Coffee
405,20845,Iced Latte - Cold Coffee
406,20845,Calzones Veg - Food Menu
407,20845,Berliners - Food Menu
408,20844,Madagascar Chocochip Frappe - Cold Coffee
409,20844,Americano - Hot Coffee
410,20844,Baked Vada Pav - Food Menu
411,20844,Baked Vada Pav - Food Menu
412,20844,Calzones Veg - Food Menu
413,20843,Americano - Hot Coffee
414,20843,Madagascar Chocochip Frappe - Cold Coffee
415,20843,Cappucino - Hot Coffee
416,20842,Baked Vada Pav - Food Menu
417,20842,Berliners - Food Menu
418,20842,Baked Vada Pav - Food Menu
419,20842,Hyderabadi Chicken Keema Pav - Food Menu
420,20842,Berliners - Food Menu
421,20841,Yellow Banana Chips - Food Menu
422,20841,Madagascar Chocochip Frappe - Cold Coffee
423,20840,Berliner Mix - Food Menu
424,20840,Berliner Mix - Food Menu
425,20840,Berliner Mix - Food Menu
426,20840,Baked Vada Pav - Food Menu
427,20839,Caramel Frappe - Cold Coffee
428,20839,Vietnamese - Cold Coffee
429,20838,Papparoti - Sweet
430,20838,Calzones Veg - Food Menu
431,20838,Calzones Veg - Food Menu
432,20838,Mix Tartlet - Food Menu
433,20838,Mix Tartlet - Food Menu
434,20838,Mix Tartlet - Food Menu
435,20837,South Indian Filter Kaapi - Hot Coffee
436,20837,Kaapicino - Hot Coffee
437,20837,Vanilla Praline - Cold Coffee
438,20837,Origanal South Indian Frappe - Cold Coffee
439,20837,ALMOND MILK - Milk
440,20837,Papparoti - Sweet
441,20836,Bon Bon - Cold Coffee
442,20836,Hyderabadi Chicken Keema Pav - Food Menu
443,20835,Papparoti - Sweet
444,20834,Cafe Latte - Hot Coffee
445,20834,Hot Chocolate - Hot Chocolate
446,20833,Hazelnut Frappe - Cold Coffee
447,20833,Calzones Veg - Food Menu
448,20833,Baked Vada Pav - Food Menu
449,20832,Vietnamese - Cold Coffee
450,20832,Gluten Free Hazelnut Brownie - Sweet
451,C2292,Rosella Jam - SEASONAL MENU
452,C2292,Strawberry White Chocolate Ganache - SEASONAL MENU
453,20831,Papparoti - Sweet
454,20831,Hot Chocolate - Hot Chocolate
455,20831,Madagascar Chocochip Frappe - Cold Coffee
456,20831,Calzones Veg - Food Menu
457,20831,South Indian Filter Kaapi - Hot Coffee
458,20831,South Indian Filter Kaapi - Hot Coffee
459,20830,Spicy Banana Chips - Food Menu
460,20829,Bon Bon - Cold Coffee
461,20828,Vietnamese - Cold Coffee
462,20828,ALMOND MILK - Milk
463,20827,Classic Frappe - Cold Coffee
464,20827,Iced Mocha - Cold Coffee
465,20826,Bon Bon - Cold Coffee
466,20826,Madagascar Chocochip Frappe - Cold Coffee
467,20825,Hot Chocolate - Hot Chocolate
468,20825,Vietnamese - Cold Coffee
469,20825,ALMOND MILK - Milk
470,20824,Americano - Hot Coffee
471,20824,Americano - Hot Coffee
472,20823,Madagascar Hot Chocolate - Hot Chocolate
473,20823,Cafe Mocha - Hot Coffee
474,20823,Bon Bon - Cold Coffee
475,20822,Cafe Mocha - Hot Coffee
476,20821,Flat White 250 Ml - Hot Coffee
477,20820,Classic Frappe - Cold Coffee
478,20820,Iced Latte - Cold Coffee
479,20819,Cappucino - Hot Coffee
480,20819,Strawberry White Chocolate Ganache - SEASONAL MENU
481,20819,Rosella Jam - SEASONAL MENU
482,20818,Cappucino - Hot Coffee
483,20818,Origanal South Indian Frappe - Cold Coffee
484,20818,Origanal South Indian Frappe - Cold Coffee
485,20818,Origanal South Indian Frappe - Cold Coffee
486,20818,Cappucino - Hot Coffee
487,20818,Vanilla Praline - Cold Coffee
488,20817,Yellow Banana Chips - Food Menu
489,20817,Madagascar Chocochip Frappe - Cold Coffee
490,20816,Choco-crinkle-cookies - Sweet
491,20815,Papparoti - Sweet
492,20814,Almond Frappe - Cold Coffee
493,20814,Kaapicino - Hot Coffee
494,20813,Classic Frappe - Cold Coffee
495,20812,Almond Frappe - Cold Coffee
496,20812,Madagascar Hot Chocolate - Hot Chocolate
497,20811,Coconut Nankhatai - Sweet
498,20810,South Indian Filter Kaapi - Hot Coffee
499,20810,Papparoti - Sweet
500,20810,Strawberry White Chocolate Ganache - SEASONAL MENU
501,20809,Madagascar Chocochip Frappe - Cold Coffee
502,20809,Cappucino - Hot Coffee
503,20808,Iced Americano - Cold Coffee
504,20808,Madagascar Chocochip Frappe - Cold Coffee
505,20807,Iced Americano - Cold Coffee
506,20807,Baked Vada Pav - Food Menu
507,20806,South Indian Filter Kaapi - Hot Coffee
508,20805,Iced Americano - Cold Coffee
509,20805,Add On Syrup - Extra Toppings
510,20805,Origanal South Indian Frappe - Cold Coffee
511,20805,Baked Vada Pav - Food Menu
512,20804,South Indian Filter Kaapi - Hot Coffee
513,20803,Classic Frappe - Cold Coffee
514,C2291,Hazelnut Frappe - Cold Coffee
515,20802,Berliners - Food Menu
516,20802,Choco-crinkle-cookies - Sweet
517,20801,Mix Berliner - Food Menu
518,20801,Classic Frappe - Cold Coffee
519,20801,Nariyal Irish Cream Frappe - Cold Coffee
520,20801,Hyderabadi Chicken Keema Pav - Food Menu
521,20800,Baked Vada Pav - Food Menu
522,20800,Hazelnut Frappe - Cold Coffee
523,20800,Vanilla Praline - Cold Coffee
524,20800,Mix Berliner - Food Menu
525,20800,Mix Berliner - Food Menu
526,20800,Iced Americano - Cold Coffee
527,20799,Caramel Frappe - Cold Coffee
528,20799,Iced Americano - Cold Coffee
529,20799,Baked Vada Pav - Food Menu
530,20799,Hyderabadi Chicken Keema Pav - Food Menu
531,20798,Cappucino - Hot Coffee
532,20797,Cappucino - Hot Coffee
533,20796,Hot Chocolate - Hot Chocolate
534,C2290,Cappucino - Hot Coffee
535,C2290,Add On Syrup - Extra Toppings
536,C2290,Papparoti - Sweet
537,20795,South Indian Filter Kaapi - Hot Coffee
538,20795,Americano - Hot Coffee
539,20795,Irish Americano - Hot Coffee
540,20794,Hazelnut Frappe - Cold Coffee
541,20793,Classic Frappe - Cold Coffee
542,20793,Hot Chocolate - Hot Chocolate
543,20793,Mix Berliner - Food Menu
544,20793,Mix Berliner - Food Menu
545,20793,Sea Salt Dark Mocha Frappe - Cold Coffee
546,20793,OAT MILK - Milk
547,20793,Spicy Banana Chips - Food Menu
548,20792,Vietnamese - Cold Coffee
549,20792,Madagascar Chocochip Frappe - Cold Coffee
550,20792,Berliner Mix - Food Menu
551,20791,Origanal South Indian Frappe - Cold Coffee
552,20791,Almond Frappe - Cold Coffee
553,20791,Americano - Hot Coffee
554,20791,Chicken Calzone - Food Menu
555,20790,Kaapicino - Hot Coffee
556,20789,Cappucino - Hot Coffee
557,C2289,Strawberry White Chocolate Ganache - SEASONAL MENU
558,C2289,Rosella Jam - SEASONAL MENU
559,20788,Papparoti - Sweet
560,20788,Rosella Jam - SEASONAL MENU
561,20788,Yellow Banana Chips - Food Menu
562,20788,Calzones Veg - Food Menu
563,20787,Kaapicino - Hot Coffee
564,20786,Kaapicino - Hot Coffee
565,20785,Cold Brew - Manual Brew
566,20784,Flat White 250 Ml - Hot Coffee
567,20783,South Indian Filter Kaapi - Hot Coffee
568,20782,Cappucino - Hot Coffee
569,20782,OAT MILK - Milk
570,20782,Sea Salt Dark Mocha - Hot Coffee
571,20781,Almond Honey Latte - Hot Coffee
572,20781,Kaapicino - Hot Coffee
573,20781,Papparoti - Sweet
574,C2288,Vietnamese - Cold Coffee
575,20780,Tartlets - Food Menu
576,20780,Tartlets - Food Menu
577,20779,Iced Americano - Cold Coffee
578,20779,Cafe Mocha - Hot Coffee
579,20779,Iced Mocha - Cold Coffee
580,20779,OAT MILK - Milk
581,20778,Cafe Latte - Hot Coffee
582,20778,Add On Syrup - Extra Toppings
583,20777,Kaapicino - Hot Coffee
584,20777,Vietnamese - Cold Coffee
585,20777,Calzones Veg - Food Menu
586,20777,Berliner Mix - Food Menu
587,20777,Berliner Mix - Food Menu
588,20777,Mix Tartlet - Food Menu
589,20777,Mix Tartlet - Food Menu
590,20777,Berliners - Food Menu
591,20776,Origanal South Indian Frappe - Cold Coffee
592,20776,Vietnamese - Cold Coffee
593,C2287,Origanal South Indian Frappe - Cold Coffee
594,20775,Cappucino - Hot Coffee
595,20775,South Indian Filter Kaapi - Hot Coffee
596,20775,Papparoti - Sweet
597,20775,Strawberry White Chocolate Ganache - SEASONAL MENU
598,20775,Rosella Jam - SEASONAL MENU
599,20774,South Indian Filter Kaapi - Hot Coffee
600,20773,Hyderabadi Chicken Keema Pav - Food Menu
601,20773,Mix Berliner - Food Menu
602,20773,Choco-crinkle-cookies - Sweet
603,20773,Madagascar Chocochip Frappe - Cold Coffee
604,20773,Calzones Veg - Food Menu
605,20772,Vietnamese - Cold Coffee
606,20772,Vanilla Praline - Cold Coffee
607,20772,Sea Salt Dark Mocha - Hot Coffee
608,20772,Chicken Calzone - Food Menu
609,20772,Calzone Mix - Food Menu
610,20771,Hyderabadi Chicken Keema Pav - Food Menu
611,20770,Hazelnut Frappe - Cold Coffee
612,20769,Iced Latte - Cold Coffee
613,20769,Origanal South Indian Frappe - Cold Coffee
614,20768,Iced Americano - Cold Coffee
615,20767,Origanal South Indian Frappe - Cold Coffee
616,20766,Chicken Calzone - Food Menu
617,20766,Baked Vada Pav - Food Menu
618,20766,Almond Honey Latte - Hot Coffee
619,20766,Berliners - Food Menu
620,20766,South Indian Filter Kaapi - Hot Coffee
621,20766,Cashew Nuts Nankhatai Veg - Sweet
622,C2286,Vietnamese - Cold Coffee
623,C2286,Irish Americano - Hot Coffee
624,C2285,Rosella Jam - SEASONAL MENU
625,C2285,Strawberry White Chocolate Ganache - SEASONAL MENU
626,C2284,Cappucino - Hot Coffee
627,C2284,Cafe Latte - Hot Coffee
628,C2283,Origanal South Indian Frappe - Cold Coffee
629,C2282,South Indian Filter Kaapi - Hot Coffee
630,C2282,Rosella Jam - SEASONAL MENU
631,C2282,Strawberry White Chocolate Ganache - SEASONAL MENU
632,20765,Cappucino - Hot Coffee
633,20764,Classic Frappe - Cold Coffee
634,C2281,Gluten Free Hazelnut Brownie - Sweet
635,20763,Hot Chocolate - Hot Chocolate
636,C2280,Tartlets - Food Menu
637,C2280,Kaapicino - Hot Coffee
638,C2280,Rosella Jam - SEASONAL MENU
639,C2280,Strawberry White Chocolate Ganache - SEASONAL MENU
640,C2280,Whole Wheat Ladi Pav - Savouries
641,C2280,White Loaf Bread - Savouries
642,C2279,Americano - Hot Coffee
643,C2279,South Indian Filter Kaapi - Hot Coffee
644,C2279,Papparoti - Sweet
645,20762,Kaapicino - Hot Coffee
646,20762,Papparoti - Sweet
647,20762,Baked Pav Bhaji - Food Menu
648,20762,Baked Vada Pav - Food Menu
649,20761,Iced Americano - Cold Coffee
650,20760,Cappucino - Hot Coffee
651,20760,Papparoti - Sweet
652,20759,Americano - Hot Coffee
653,20758,Baked Vada Pav - Food Menu
654,C2278,South Indian Filter Kaapi - Hot Coffee
655,C2277,Baked Pav Bhaji - Food Menu
656,C2277,Baked Vada Pav - Food Menu
657,20757,South Indian Filter Kaapi - Hot Coffee
658,20757,Baked Vada Pav - Food Menu
659,20756,South Indian Filter Kaapi - Hot Coffee
660,20756,Chicken Calzone - Food Menu
661,20756,Iced Mocha - Cold Coffee
662,20755,Hyderabadi Chicken Keema Pav - Food Menu
663,20755,Calzones Veg - Food Menu
664,20754,Americano - Hot Coffee
665,20753,Cappucino - Hot Coffee
666,20753,Iced Latte - Cold Coffee
667,20753,ALMOND MILK - Milk
668,20753,Add On Syrup - Extra Toppings
669,20752,Cappucino - Hot Coffee
670,20751,Choco-crinkle-cookies - Sweet
671,20750,Spicy Banana Chips - Food Menu
672,20749,Cafe Latte - Hot Coffee
673,20749,Add On Syrup - Extra Toppings
674,20748,Vietnamese - Cold Coffee
675,20747,Cappucino - Hot Coffee
676,20747,Origanal South Indian Frappe - Cold Coffee
677,20747,Cafe Mocha - Hot Coffee
678,20747,Hot Chocolate - Hot Chocolate
679,20747,Berliners - Food Menu
680,20747,Rosella Cheesecake Berliner - SEASONAL MENU
681,20746,Papparoti - Sweet
682,20746,Baked Pav Bhaji - Food Menu
683,20746,South Indian Filter Kaapi - Hot Coffee
684,20745,Cold Brew - Manual Brew
685,20744,Classic Frappe - Cold Coffee
